{"cameraMode":{"drawMode":0,"name":"Shaded","section":"Shading Mode"},"sceneLighting":false,"audioPlay":false,"sceneViewState":{"showFog":true,"showMaterialUpdate":false,"showSkybox":true,"showFlares":true,"showImageEffects":true,"showParticleSystems":true},"in2DMode":false,"pivot":{"x":-0.010000228881835938,"y":0.0,"z":3.3000001907348635},"rotation":{"x":0.09786514192819596,"y":0.4457254111766815,"z":-0.04933428764343262,"w":0.8885136246681213},"size":1.832582712173462,"orthographic":false}